group_0,group_1,group_2,group_3,group_4,group_5,group_6,group_7,group_8,group_9,group_10,group_11,group_12,group_13,group_14,group_15,group_16,group_17,group_18,group_19
273,218,704,494,719,491,135,581,715,605,463,674,626,224,102,780,340,217,657,898
288,670,862,440,203,356,849,290,760,67,806,435,996,533,881,44,515,361,157,863
489,649,440,614,217,728,192,784,599,191,65,154,751,157,21,400,888,453,805,824
928,291,864,470,867,497,16,654,196,607,297,491,907,589,605,594,255,285,250,759
233,736,948,95,462,158,682,972,2,463,948,823,492,38,912,147,242,567,340,240
547,564,82,346,354,597,469,385,313,925,31,102,673,341,758,872,833,410,106,115
515,690,834,712,594,141,66,245,163,200,946,66,925,641,772,130,967,242,429,998
159,362,330,922,316,496,391,882,420,829,953,854,648,13,627,362,670,816,380,669
617,387,195,248,992,299,520,671,494,766,797,318,917,436,552,832,866,374,828,153
444,752,696,444,619,306,596,189,706,742,530,271,236,785,770,886,39,672,775,979
513,623,611,129,843,693,225,146,471,28,248,168,560,347,897,928,940,212,970,698
19,930,519,538,263,266,119,755,382,602,202,356,759,204,979,413,367,59,907,35
338,664,497,550,685,542,660,855,350,252,638,990,24,565,137,429,805,826,997,74
322,373,826,259,268,57,278,556,561,791,601,915,460,165,213,211,625,236,206,992
803,427,642,72,554,397,798,310,31,73,218,767,572,826,186,904,944,225,399,25
973,403,174,639,515,886,272,287,227,552,774,444,3,482,143,141,608,332,960,301
397,249,958,434,118,871,401,668,222,678,657,390,27,107,845,83,755,155,786,564
420,272,387,118,377,516,937,264,442,844,553,460,411,654,529,492,240,927,91,652
317,915,701,520,734,145,740,677,109,701,718,931,979,441,950,389,692,800,134,219
802,372,325,617,360,978,279,957,185,163,203,221,625,279,466,449,150,57,197,121
865,31,203,889,822,154,328,504,732,38,903,483,25,572,598,842,191,712,85,675
795,370,434,684,676,322,724,526,211,454,518,227,633,966,79,176,230,994,34,995
490,166,44,578,189,370,553,340,447,542,49,398,569,397,326,288,619,381,789,414
901,924,537,681,948,897,717,959,870,249,330,85,318,516,857,0,131,702,339,952
782,894,364,698,365,329,2,244,804,266,464,394,169,50,433,550,742,185,469,942
21,784,378,636,281,430,26,16,237,914,168,602,624,390,513,348,599,5,890,968
69,965,420,317,560,2,258,712,750,592,433,987,119,670,18,951,216,44,897,601
532,488,904,301,419,577,560,301,396,213,81,664,504,585,838,366,399,774,6,308
871,313,604,315,240,766,9,403,263,284,784,696,628,828,175,210,46,924,107,452
740,911,159,321,10,104,169,780,150,6,675,375,627,337,679,834,521,767,427,976
53,416,493,665,996,587,521,35,497,656,901,46,283,594,931,472,99,522,63,376
738,531,358,279,883,804,123,442,827,389,683,287,939,405,43,3,257,623,31,851
385,116,766,833,193,962,240,259,567,943,383,888,281,954,235,101,722,563,89,553
936,138,962,417,684,347,529,815,630,16,482,634,609,518,542,161,678,939,439,85
352,956,194,451,324,894,115,705,7,270,678,900,471,55,878,844,807,485,294,554
252,548,361,127,742,972,104,854,24,410,22,667,830,432,902,452,728,757,848,357
264,884,171,426,812,5,648,432,264,827,405,558,415,836,724,411,468,625,566,3
45,867,968,371,74,83,551,876,477,881,525,841,842,421,835,621,381,692,46,789
81,426,419,43,595,927,266,158,849,778,105,937,976,58,220,485,198,164,534,358
689,133,422,239,370,109,865,490,482,547,234,716,990,581,594,813,695,321,187,362
665,92,945,402,913,448,858,283,239,242,615,948,965,25,243,552,971,228,393,259
758,302,7,35,498,628,452,837,298,386,270,428,15,860,245,609,452,360,758,160
853,167,327,105,866,404,38,867,165,736,479,554,83,494,170,203,808,465,123,400
907,214,586,325,581,132,446,38,67,336,870,580,948,881,95,890,814,656,957,812
861,818,201,112,11,737,241,905,77,793,462,694,423,257,50,354,379,721,672,336
648,642,250,38,73,52,417,227,898,101,158,632,126,861,135,458,405,244,648,98
949,415,831,575,967,110,563,151,776,257,199,482,434,33,188,426,643,688,355,685
225,382,967,963,575,453,965,814,941,748,128,198,538,222,351,157,107,556,905,796
446,242,558,545,579,79,722,249,718,492,891,476,502,476,335,90,122,983,390,122
964,335,615,834,817,234,237,564,794,537,143,619,412,959,998,569,355,786,567,429
568,640,365,389,724,153,395,142,111,507,430,768,530,354,711,191,559,48,356,290
84,517,564,500,385,951,175,347,791,264,826,84,537,125,943,419,247,326,654,487
733,345,417,935,678,527,427,764,148,193,317,529,207,327,505,536,745,194,561,886
173,920,957,925,512,819,728,724,285,682,863,933,431,784,364,508,32,161,982,170
769,535,211,616,147,633,585,182,252,891,503,566,102,596,290,762,909,477,488,571
487,730,677,946,807,405,468,300,115,839,415,359,919,631,3,477,868,409,381,695
940,504,347,694,229,272,83,932,778,95,477,285,779,379,444,525,62,339,855,474
499,190,254,492,231,173,182,859,562,979,575,820,112,557,145,257,588,985,615,482
280,556,63,133,239,246,136,31,592,877,794,615,501,573,791,511,975,297,160,894
950,397,796,406,304,264,487,375,69,334,449,996,405,110,861,227,246,962,937,857
773,412,269,691,105,509,190,951,521,323,546,58,912,747,769,779,159,866,498,73
55,30,373,904,156,281,514,271,801,184,466,562,473,195,587,679,252,106,610,520
219,799,994,819,135,911,167,774,186,35,441,781,170,707,808,326,480,26,894,304
119,35,616,585,493,838,318,305,862,901,732,39,491,735,590,124,311,840,780,185
880,849,588,930,836,108,150,947,83,406,285,112,408,901,219,877,649,63,599,536
129,583,887,16,66,985,639,709,437,819,669,105,509,28,174,981,773,433,759,43
488,902,125,85,299,317,602,304,394,102,588,699,215,984,440,306,330,70,850,477
720,263,210,96,384,599,421,143,796,588,322,770,539,102,656,194,716,216,574,364
90,12,479,320,154,461,761,120,35,654,550,773,818,564,563,87,872,674,443,138
114,622,286,0,28,493,1,191,430,918,899,79,309,895,745,918,26,523,781,706
972,65,741,851,114,654,812,214,608,946,977,592,574,471,217,908,787,372,903,729
662,105,816,919,732,721,461,350,29,820,198,760,943,880,62,120,635,20,572,772
730,751,533,942,247,826,435,595,822,415,343,825,654,936,161,660,300,178,141,123
981,581,163,123,844,641,616,498,154,818,512,744,157,522,393,338,404,564,75,769
993,569,397,886,877,165,815,970,846,498,418,894,120,106,524,927,999,408,56,19
105,329,335,986,104,518,434,672,373,121,353,166,245,355,369,761,220,238,432,469
30,716,867,67,397,702,765,110,586,149,893,214,232,417,22,483,959,111,420,16
299,150,309,657,964,411,598,969,588,525,33,893,559,989,202,545,482,921,394,498
683,448,97,23,108,971,530,998,697,489,116,970,750,422,551,62,464,18,217,0
202,675,734,722,736,39,89,983,766,669,959,223,985,45,125,172,703,280,445,656
534,50,513,540,770,470,940,41,389,15,448,6,707,571,315,968,375,66,81,222
213,474,906,9,60,759,296,461,918,269,673,538,429,458,75,869,497,591,902,186
989,443,981,214,249,476,526,298,974,726,662,490,520,282,459,467,45,446,776,215
275,126,609,460,424,413,923,895,752,520,677,47,418,443,826,818,29,442,330,38
376,876,239,528,162,668,360,177,813,866,364,289,457,167,247,515,416,287,551,928
268,265,426,454,850,86,989,592,45,237,517,906,642,158,113,712,4,418,659,124
889,878,454,395,490,634,595,793,469,665,437,683,888,932,52,137,632,334,815,766
343,255,828,215,700,774,754,331,814,522,19,922,196,467,123,854,475,340,768,686
211,371,473,21,537,907,255,939,673,12,672,520,656,218,325,179,411,338,885,189
495,405,366,633,680,199,213,77,779,362,447,611,785,286,435,576,487,602,20,961
691,825,759,274,559,164,814,286,537,127,367,152,672,445,232,881,14,157,809,276
389,715,132,92,127,967,976,369,590,64,42,745,826,983,655,186,320,371,362,940
484,363,777,296,808,709,463,478,335,485,250,711,963,825,686,27,248,384,305,511
222,768,713,716,664,386,924,978,559,420,848,270,271,109,886,727,613,959,477,372
169,950,370,991,133,291,676,653,426,225,55,71,124,938,116,795,226,55,131,390
566,143,993,45,350,250,741,511,39,186,147,332,98,214,409,663,747,937,220,818
636,79,841,139,242,423,655,221,731,204,130,612,688,549,263,96,648,370,170,361
70,55,946,145,759,785,392,262,234,571,194,828,570,235,96,589,359,227,233,125
734,627,594,97,168,295,914,195,976,850,30,204,755,242,148,502,327,153,695,805
808,612,228,358,224,221,603,111,643,888,371,286,103,2,989,283,13,618,692,323
185,320,221,73,601,412,78,335,648,169,439,415,449,701,172,848,395,295,166,838
365,600,259,289,941,624,691,960,754,164,985,275,820,137,88,931,349,949,868,945
284,179,835,479,659,352,601,378,127,758,828,675,370,404,668,116,389,669,901,953
49,538,172,373,514,895,503,466,746,917,197,809,427,667,416,374,120,301,244,540
459,62,847,159,376,260,829,884,142,468,424,216,368,762,334,38,259,277,958,787
309,177,165,232,937,949,540,380,199,651,907,645,100,513,582,653,687,587,90,967
590,234,319,430,38,997,547,467,460,636,671,560,89,364,955,960,24,515,507,732
237,871,743,673,48,44,548,940,493,240,725,333,658,446,91,430,209,725,704,899
563,829,507,634,72,12,803,299,575,464,504,131,451,869,35,820,183,323,470,213
328,793,595,976,757,874,53,285,84,26,397,203,848,914,726,824,556,867,630,260
71,545,868,309,920,337,34,370,764,69,765,119,302,834,916,746,238,255,175,674
922,507,498,696,691,892,570,914,356,317,877,354,794,360,509,676,118,778,2,228
809,498,883,452,223,966,154,76,448,752,583,7,645,813,350,786,204,966,641,738
95,800,652,163,423,149,313,612,352,239,136,771,265,252,13,269,40,566,899,238
991,579,447,472,374,710,289,759,295,393,582,353,722,39,832,127,454,348,984,862
944,619,116,957,589,195,953,588,690,703,927,994,534,47,478,618,208,147,605,315
445,940,929,103,643,650,934,872,665,828,201,726,129,448,413,486,100,129,272,247
61,775,657,980,693,523,92,187,283,837,60,678,277,709,862,75,973,130,504,623
464,269,441,432,880,694,58,99,383,957,452,248,554,191,59,644,484,184,152,625
323,77,571,147,369,384,265,550,895,378,804,618,641,867,907,737,276,630,243,235
486,228,538,832,0,359,345,28,145,381,817,296,583,103,996,200,256,971,480,447
194,571,934,868,604,160,164,109,784,810,980,993,958,783,304,372,193,395,116,227
656,820,231,826,542,267,112,674,526,248,109,765,735,483,343,473,96,577,136,639
652,516,51,229,798,820,18,776,914,312,18,790,891,473,719,475,835,333,800,15
556,182,382,442,779,418,890,79,341,779,219,348,117,873,132,451,836,596,76,582
735,400,765,669,541,665,574,472,972,559,53,49,982,656,400,553,143,139,8,547
108,8,735,462,280,846,500,23,71,734,807,101,546,756,682,341,948,299,557,397
538,970,29,676,518,150,372,112,861,316,64,654,116,765,779,463,345,706,788,486
434,164,470,865,634,116,766,220,367,625,311,419,991,977,275,517,657,734,889,44
93,300,715,164,489,394,837,70,585,480,75,921,974,987,546,850,662,115,656,721
609,785,368,483,90,219,348,929,113,356,417,972,227,15,541,871,860,999,29,760
382,665,457,881,296,362,185,355,170,836,756,957,790,377,55,291,669,308,419,254
240,520,903,743,401,353,650,943,851,370,16,637,31,57,588,91,250,85,402,874
112,753,912,210,355,606,512,770,664,71,834,608,125,905,365,252,494,448,637,515
184,299,843,420,987,172,960,601,190,315,700,185,622,648,575,882,429,215,865,798
64,381,829,1,412,727,695,282,505,21,652,120,29,396,267,512,76,528,307,203
840,514,151,304,566,314,572,57,427,0,499,338,829,115,268,482,785,931,620,40
133,626,751,431,962,683,795,291,4,563,645,535,872,566,917,436,953,9,801,248
684,963,932,862,379,715,49,910,455,428,400,229,720,85,223,213,268,765,991,598
406,505,899,690,409,991,674,316,889,551,305,763,629,700,353,321,142,768,395,980
540,988,321,247,475,312,782,893,552,107,238,563,190,155,904,978,943,68,705,465
189,201,782,971,851,194,155,118,558,541,492,164,376,819,891,262,954,906,413,919
136,264,503,944,361,646,460,497,89,483,964,510,285,83,561,941,893,273,835,508
33,155,218,76,342,926,336,136,219,478,945,103,763,143,110,718,517,165,378,584
639,573,886,705,633,571,179,450,88,311,84,269,37,173,885,655,595,254,594,225
961,17,232,302,49,402,57,768,903,940,280,687,536,757,281,972,94,158,959,946
525,308,145,547,788,441,288,633,738,319,689,413,695,706,964,846,516,519,39,678
685,865,545,427,982,427,236,934,139,303,602,459,595,27,457,199,147,45,202,797
849,875,785,805,832,56,884,632,533,361,545,44,828,172,77,606,712,123,575,113
221,890,758,166,748,681,680,600,756,715,716,172,45,122,496,667,864,398,924,151
156,763,685,81,802,605,492,903,773,120,387,295,876,591,395,740,22,976,281,237
938,766,266,521,655,271,444,548,787,874,839,935,237,774,830,827,688,431,920,117
850,632,573,205,454,880,246,791,907,961,78,144,611,703,384,250,430,201,87,67
906,444,747,223,80,712,398,684,735,952,484,708,655,313,842,713,272,559,709,666
395,726,811,920,543,549,643,42,75,201,207,824,375,532,571,920,232,391,874,717
1,75,965,162,653,68,484,919,225,500,769,207,970,437,669,357,848,116,410,58
862,643,380,914,754,355,582,990,450,908,860,967,923,944,58,766,895,72,500,549
316,423,394,577,378,738,87,314,884,521,573,361,273,278,352,658,800,229,851,159
561,525,779,405,32,905,997,596,446,397,178,713,564,253,631,664,323,429,629,130
195,148,363,637,862,233,193,648,676,858,527,940,226,758,812,990,125,304,978,416
514,606,880,461,853,613,593,322,838,412,409,831,44,809,162,730,554,181,19,293
347,454,700,537,784,424,264,261,609,359,58,616,230,605,945,764,931,172,976,305
176,852,999,168,971,515,144,288,28,580,153,952,67,393,406,267,710,526,18,39
814,939,859,769,607,407,21,22,369,194,798,78,668,338,142,404,615,482,338,982
335,258,489,603,738,805,917,936,51,78,375,364,84,312,785,167,18,935,21,740
863,734,833,49,269,717,921,382,328,884,50,175,213,363,722,197,719,500,57,218
892,631,267,99,586,335,415,494,98,813,933,160,105,740,780,230,190,351,871,64
654,487,177,728,516,50,403,327,203,511,915,928,650,230,852,156,972,467,215,296
411,289,431,597,731,627,121,690,436,443,521,81,77,344,836,104,857,915,308,476
56,559,988,485,421,333,221,552,570,215,767,794,421,392,301,561,840,521,264,80
813,759,205,197,945,584,116,545,302,300,102,517,419,407,375,236,900,449,693,930
856,15,451,891,829,235,878,794,564,962,374,600,807,852,131,627,847,954,327,34
565,261,649,134,151,137,651,830,498,886,475,162,689,824,846,292,995,590,193,317
680,984,274,64,507,519,162,157,37,769,610,462,304,692,977,266,859,646,679,388
308,267,237,111,919,48,700,7,53,720,703,614,508,697,82,785,157,134,290,337
197,298,964,720,778,716,413,664,503,109,940,403,435,419,903,671,461,718,687,475
25,207,583,235,529,560,809,594,644,259,227,422,924,621,666,248,578,191,563,604
569,978,334,125,70,485,912,739,911,916,936,843,342,778,738,42,945,555,26,90
174,549,248,810,636,945,370,558,952,129,474,989,776,480,991,677,791,76,370,869
796,776,18,601,20,392,565,533,534,84,457,731,59,245,318,884,991,247,185,456
340,993,659,90,666,832,96,997,703,649,743,450,468,622,359,24,442,990,944,192
727,851,572,83,148,274,999,572,193,754,812,864,683,743,732,819,926,183,841,687
775,48,385,456,306,968,733,967,73,181,209,541,814,855,731,15,161,368,226,552
279,466,749,319,960,686,400,471,216,718,460,720,862,885,699,58,361,973,914,931
868,235,949,749,128,995,653,945,641,274,969,32,597,562,269,453,117,440,698,773
717,404,15,600,427,937,823,635,686,721,368,793,192,457,681,906,422,0,79,206
179,862,338,447,179,348,991,676,10,232,162,596,718,768,29,311,151,117,736,60
761,508,213,193,63,780,876,330,806,91,73,799,942,42,399,638,537,42,548,366
360,926,647,423,876,672,663,869,946,24,605,836,293,463,820,325,708,108,186,378
743,76,770,160,610,342,139,396,390,572,98,320,747,318,164,879,769,597,686,788
298,422,913,425,123,567,252,961,123,731,291,240,667,592,817,82,504,75,363,434
344,686,986,843,804,934,27,546,343,799,694,985,685,290,169,423,924,626,790,548
127,502,47,724,831,321,320,460,993,459,818,557,361,561,367,343,207,782,298,5
572,281,176,361,925,884,990,646,606,79,603,898,858,68,382,999,756,52,604,413
584,483,724,693,617,409,578,740,110,995,629,452,93,769,525,547,942,177,849,631
586,870,323,874,813,923,437,315,332,912,738,439,549,539,445,214,17,346,802,184
874,648,563,263,630,922,315,590,80,988,505,28,134,442,85,967,577,99,260,819
917,527,61,36,590,705,304,188,317,250,564,298,387,821,376,224,914,639,935,544
188,47,400,863,578,814,709,913,931,647,861,575,900,76,709,71,844,77,803,275
968,575,95,887,185,928,672,434,509,704,961,798,311,689,626,234,279,10,578,680
760,135,296,799,321,778,670,719,865,437,654,495,160,935,787,5,961,947,552,352
881,361,490,172,942,561,226,127,462,848,665,639,51,121,103,65,65,764,878,784
501,468,427,382,696,363,262,658,574,291,974,822,38,651,127,637,754,955,490,870
737,279,85,592,152,857,609,952,417,503,867,165,836,156,911,851,677,272,296,65
7,580,824,619,328,398,610,423,836,530,971,93,188,88,336,496,188,35,411,363
939,183,836,167,663,719,68,566,744,922,106,780,142,382,930,654,23,719,962,504
838,66,931,857,195,454,486,818,406,959,304,844,95,492,557,165,997,579,196,956
134,666,204,436,557,551,895,408,748,915,254,316,827,593,967,630,627,823,665,307
606,848,101,836,834,148,332,368,656,851,45,691,767,324,309,946,523,67,58,114
779,437,258,847,726,688,758,917,224,177,549,850,407,611,778,736,205,459,939,986
96,511,264,490,186,578,219,624,178,391,604,478,212,731,611,694,501,704,816,872
987,130,320,47,721,537,948,185,307,298,841,669,499,567,357,455,930,621,840,916
51,743,425,363,246,11,539,691,985,439,838,805,346,223,639,555,691,964,680,232
262,836,938,236,799,447,470,167,387,976,315,142,838,413,398,113,766,382,832,108
220,506,547,984,959,123,496,258,191,152,823,114,238,187,288,398,9,614,554,949
272,420,851,682,946,943,342,805,818,293,205,308,175,233,271,857,846,471,434,777
161,933,318,192,191,159,562,844,916,296,67,653,159,949,675,174,284,235,248,460
203,37,168,294,181,690,910,133,578,409,258,912,257,807,192,714,782,817,249,281
456,756,403,284,708,202,794,198,651,795,825,565,616,321,185,592,439,739,701,271
719,935,781,628,743,901,554,211,160,282,930,424,665,438,10,929,851,951,334,226
669,417,896,524,523,462,877,567,663,401,561,22,295,284,595,998,270,403,783,409
20,494,990,635,88,24,145,125,258,688,350,429,373,635,146,178,113,763,273,606
920,5,377,618,789,996,149,213,653,949,57,577,576,456,802,456,329,385,544,884
694,770,442,913,800,464,453,3,741,383,456,741,9,260,613,716,106,991,365,525
772,654,252,816,439,608,713,811,149,747,741,100,71,192,873,806,529,842,328,403
301,994,928,345,52,63,939,670,456,708,363,821,940,241,543,947,560,373,886,786
990,995,953,416,905,649,718,91,517,738,674,942,329,646,244,237,583,200,795,278
768,60,746,850,640,513,365,237,326,894,281,89,69,688,768,52,195,132,336,402
313,663,890,377,69,130,358,455,710,697,180,995,259,298,497,247,962,434,13,848
92,683,570,709,597,746,883,977,202,388,426,334,988,48,698,551,519,104,642,137
204,215,879,505,957,947,703,702,9,138,686,431,812,140,965,903,357,619,230,485
957,847,688,30,232,169,688,801,267,192,316,730,258,409,946,57,55,109,612,56
229,761,36,683,520,344,885,560,832,640,556,695,82,776,624,471,977,642,78,962
391,653,339,231,448,834,525,131,919,98,458,188,242,626,207,639,471,198,235,165
506,185,605,558,308,674,667,904,311,593,664,118,644,908,757,522,137,97,210,11
952,165,565,613,956,745,412,281,971,440,325,982,743,79,980,304,449,603,190,270
996,530,188,830,129,378,637,294,197,945,835,528,660,181,740,755,297,127,532,890
929,985,311,758,506,178,414,597,726,413,253,636,740,75,277,218,514,678,374,266
560,552,459,184,954,657,581,138,805,785,294,784,4,696,471,578,796,819,496,709
493,3,111,12,644,34,224,137,923,545,723,372,409,120,906,608,427,680,303,89
682,459,328,571,356,444,498,541,571,907,993,362,540,67,720,204,856,883,195,839
73,899,398,445,879,179,622,50,47,873,759,183,109,98,634,313,164,977,391,178
263,461,23,792,51,279,363,39,314,653,274,555,582,499,751,905,305,268,101,747
582,171,560,750,783,562,247,865,981,364,25,16,23,91,306,79,408,133,952,335
337,515,150,25,886,339,661,155,876,309,125,778,399,316,500,466,130,685,406,882
170,588,555,106,679,595,757,849,612,941,92,811,366,772,261,695,506,720,650,611
504,309,621,997,984,261,25,532,853,993,847,919,13,775,78,900,746,84,171,446
76,518,543,40,869,482,956,92,85,19,443,115,18,308,442,913,706,47,10,261
47,485,56,503,744,367,406,845,515,222,184,310,137,164,516,581,383,845,385,692
695,783,154,768,302,229,981,66,333,667,639,680,935,470,391,12,336,387,316,291
66,418,287,297,861,828,913,470,680,722,680,742,11,493,560,831,569,312,251,607
145,697,998,473,407,419,375,578,257,299,749,690,229,734,796,347,185,327,938,128
546,760,458,917,403,941,662,686,36,707,185,291,984,894,978,196,830,809,125,343
642,293,46,15,763,328,430,456,0,626,970,237,562,266,153,442,929,350,259,662
454,929,607,489,478,134,818,651,213,540,750,437,43,205,255,182,664,876,875,879
857,472,598,731,101,372,730,194,158,44,904,954,440,871,424,528,589,475,376,499
820,910,631,689,322,256,156,360,963,347,21,178,635,847,157,557,774,745,61,960
18,476,855,975,639,70,600,809,392,817,758,532,922,897,549,399,390,613,689,915
749,676,253,387,917,283,852,649,995,849,920,806,328,863,896,800,636,30,289,649
867,868,143,649,944,835,926,877,711,750,200,151,6,333,472,476,555,989,608,104
190,467,517,329,492,502,898,812,808,30,324,387,875,857,584,131,979,797,253,273
767,975,840,165,311,201,538,424,701,431,99,323,885,294,308,43,467,400,492,837
829,709,148,102,592,747,751,418,733,966,216,874,741,444,969,993,384,899,65,764
632,88,793,116,646,703,744,6,626,776,63,519,354,4,736,396,573,716,52,987
715,570,603,348,282,590,845,60,19,487,440,801,275,793,559,710,290,392,174,800
807,410,482,243,814,360,33,366,789,96,226,230,846,508,278,185,52,969,719,360
842,908,292,977,19,238,146,107,129,251,905,975,573,352,883,484,11,380,180,633
520,650,475,742,5,38,168,783,421,294,416,754,687,216,899,350,483,900,911,538
388,801,670,796,425,414,996,81,103,577,547,803,152,119,708,481,946,640,372,599
948,636,665,122,791,603,772,357,305,482,163,480,195,61,589,328,441,653,870,202
109,321,465,772,380,231,218,132,634,730,266,938,881,941,64,335,489,162,819,901
610,68,637,539,100,691,710,796,405,560,866,879,151,933,915,259,679,761,238,534
971,637,714,216,79,569,419,985,220,509,562,959,880,889,366,750,981,707,876,509
611,212,241,307,650,959,614,193,428,9,541,232,639,891,215,243,779,824,453,417
812,909,433,732,995,228,599,164,273,717,189,814,744,736,467,935,609,691,130,947
362,63,656,929,75,511,756,696,52,126,110,305,323,996,355,274,167,652,925,689
198,503,664,704,792,217,644,19,512,808,770,549,81,466,828,729,512,901,711,431
696,449,308,873,767,729,8,650,278,345,542,518,831,541,389,711,721,41,837,877
992,679,969,979,552,223,533,888,633,444,821,508,155,858,332,840,970,513,516,424
618,432,636,804,872,836,384,644,118,777,729,764,48,663,36,518,705,265,726,420
276,856,487,435,386,406,962,292,70,999,236,432,544,184,574,317,128,69,11,932
182,97,865,641,130,157,615,879,714,970,862,892,717,26,806,440,525,911,68,958
759,210,690,273,934,288,188,871,860,812,83,335,199,0,985,983,558,539,113,668
319,27,644,780,466,80,739,348,114,899,176,851,840,500,87,559,370,733,22,565
247,445,694,508,337,71,126,78,964,253,558,254,78,526,179,401,298,974,108,478
77,113,814,959,908,903,24,395,166,757,909,827,483,69,380,309,149,888,17,672
126,270,169,701,241,957,735,575,883,178,481,290,575,36,649,356,479,480,167,324
74,706,74,753,24,385,407,991,488,165,80,589,395,17,76,150,776,789,545,887
473,39,954,647,115,203,816,613,747,466,923,792,548,961,859,646,503,627,761,127
750,123,229,350,15,548,646,373,289,414,908,924,79,60,492,163,631,397,703,657
152,509,666,448,387,707,947,824,603,765,113,65,57,274,411,880,820,379,405,770
956,186,179,56,406,984,968,453,79,86,108,167,980,887,42,645,358,489,595,12
474,352,161,778,307,275,308,521,393,624,613,544,479,853,670,939,386,80,64,909
42,693,190,968,218,756,708,18,623,47,384,899,34,362,956,945,906,926,971,529
801,446,50,181,871,500,445,323,938,424,950,648,294,724,984,567,319,752,543,937
787,699,548,189,255,73,607,228,490,208,167,328,793,123,882,614,641,929,292,510
963,319,702,783,131,538,753,409,595,481,914,357,852,255,743,501,314,615,967,101
544,260,518,55,110,555,746,101,896,938,754,392,392,136,178,296,182,331,256,643
415,810,875,179,567,369,249,250,992,39,591,547,280,945,44,89,362,146,866,605
346,817,84,245,399,8,645,962,204,76,233,299,194,455,831,390,139,736,398,823
519,840,606,828,294,106,50,817,232,875,15,400,145,808,211,937,376,493,581,18
157,144,77,965,35,697,806,685,983,445,757,507,467,552,249,520,105,218,24,188
511,652,956,285,863,84,285,679,518,255,40,576,208,247,609,495,528,91,990,743
393,574,980,393,703,151,465,496,379,451,455,486,87,495,246,744,414,738,859,751
681,757,942,795,970,113,120,559,901,934,100,840,733,459,256,202,818,427,965,134
678,118,871,515,420,254,859,269,761,25,244,917,601,249,827,103,527,598,277,804
836,151,411,136,460,440,967,979,620,455,471,925,694,154,667,289,234,850,112,712
693,834,771,888,77,64,788,147,468,780,790,445,675,803,28,597,63,893,297,618
374,29,940,612,78,670,79,647,59,332,693,274,799,356,999,828,918,668,527,781
943,951,597,581,642,822,811,208,413,741,476,218,321,946,224,164,308,119,493,734
630,125,209,621,540,422,835,163,207,486,398,367,515,542,294,902,426,179,986,616
798,456,492,961,209,701,204,678,104,400,251,373,445,798,372,898,935,981,511,707
722,464,158,756,943,664,297,353,647,646,206,324,494,888,239,833,862,414,54,719
979,660,542,708,638,475,557,927,414,885,793,752,756,174,700,822,287,509,564,844
461,880,34,407,723,944,618,820,724,367,701,789,348,1,983,725,623,128,442,61
172,462,501,969,821,858,714,11,177,531,453,401,291,523,463,431,444,422,993,532
574,854,324,951,715,371,881,223,842,471,485,873,270,469,923,531,858,569,824,677
887,434,787,63,436,460,322,119,157,366,630,947,262,535,487,661,605,582,319,644
585,203,37,237,264,787,780,536,522,788,830,837,555,674,784,505,928,683,664,955
790,962,510,650,824,129,659,21,117,965,155,110,997,677,865,86,871,536,7,935
870,364,99,626,345,863,532,898,466,465,647,311,801,682,236,910,309,300,358,33
799,533,261,864,505,662,5,55,947,433,328,224,634,262,206,875,842,474,30,516
492,543,351,331,243,723,385,477,692,321,570,309,893,699,888,582,67,441,86,51
32,168,295,902,620,140,282,861,859,627,329,307,806,21,66,488,43,908,219,893
854,873,349,488,426,530,227,130,58,770,926,277,847,217,990,788,138,950,951,310
559,755,740,644,927,90,879,312,250,825,470,239,961,342,151,896,373,54,491,640
754,187,976,844,481,771,178,571,511,892,898,467,332,149,469,47,744,912,767,897
210,480,6,474,327,598,45,58,543,504,844,700,588,129,695,117,923,2,880,501
186,673,25,418,62,969,802,614,781,8,593,146,978,299,853,223,720,213,379,214
294,109,306,458,549,334,904,639,655,913,724,570,339,521,982,66,57,777,486,735
312,314,895,885,994,636,138,803,639,865,339,408,998,246,65,360,172,7,231,106
528,202,472,877,22,220,841,621,434,516,994,534,345,802,633,498,388,530,184,415
146,748,155,958,695,711,969,718,17,898,619,524,968,94,506,763,363,731,653,368
242,124,955,135,469,777,143,71,531,205,318,187,28,95,821,912,111,367,744,93
507,638,825,623,717,713,516,643,569,502,857,425,894,349,620,684,938,723,325,75
392,82,941,311,295,19,333,148,800,238,157,587,749,761,156,959,617,189,129,277
103,659,590,202,150,168,191,543,411,655,249,860,614,353,119,895,644,953,121,763
315,635,937,988,126,47,386,234,621,811,808,211,251,400,349,642,951,264,529,156
72,565,633,117,882,450,589,542,675,493,761,376,141,640,451,295,233,783,454,562
706,159,234,898,531,692,462,729,848,490,412,236,402,501,305,930,322,125,598,396
215,604,737,131,415,41,133,808,419,188,399,453,452,497,625,770,81,857,213,421
677,141,910,355,441,102,632,745,125,416,320,339,394,297,593,856,680,805,441,309
607,919,27,4,975,29,376,757,666,840,287,673,800,486,974,55,998,944,519,873
958,296,581,774,486,434,867,715,554,621,849,293,617,928,905,538,552,753,33,110
354,918,276,187,509,216,623,807,176,104,537,475,866,782,429,774,932,145,310,757
290,671,199,806,729,247,251,332,959,100,618,241,327,146,360,777,401,305,521,111
234,997,820,661,452,310,752,667,236,781,785,710,845,806,920,748,934,648,540,241
755,383,170,625,914,205,323,896,100,452,223,159,892,804,819,235,789,354,158,7
178,996,305,175,283,935,387,636,529,628,772,253,926,314,38,81,393,645,652,294
387,821,776,642,930,954,882,134,168,739,501,493,551,815,690,145,502,24,0,989
115,991,216,88,400,210,959,782,674,746,796,251,934,878,963,657,539,62,580,936
954,777,733,270,408,870,274,507,542,712,2,539,350,671,875,995,982,365,842,62
765,625,711,760,440,94,935,733,659,860,171,725,358,391,971,735,920,270,221,903
736,341,66,660,81,565,586,246,337,276,941,545,577,305,683,233,711,141,996,985
699,907,963,735,550,286,908,8,536,774,896,777,162,851,642,446,335,473,51,161
612,67,634,773,751,974,234,499,470,198,175,753,817,569,279,21,540,546,194,443
980,424,471,459,938,459,702,205,688,41,715,252,85,411,884,107,667,28,949,471
177,360,727,808,484,852,170,480,453,144,717,642,337,128,139,992,855,860,341,116
531,544,804,541,204,488,687,692,716,553,531,581,752,540,618,595,313,583,280,295
183,465,235,249,524,186,165,609,475,687,245,740,623,638,762,76,473,810,44,648
476,866,951,798,413,510,839,585,891,27,362,945,897,956,450,123,79,650,742,167
713,430,874,876,533,242,767,85,563,202,389,913,146,111,449,72,448,452,587,491
122,958,416,985,94,494,787,788,539,60,579,45,384,142,755,697,84,163,293,27
676,157,463,18,787,992,436,253,698,906,410,74,774,6,363,807,775,589,917,795
817,160,49,814,291,888,189,376,904,942,625,918,966,865,196,346,97,758,67,57
811,893,592,659,768,439,685,988,670,295,282,233,351,864,124,28,241,190,968,892
897,290,812,811,611,147,897,858,365,23,661,628,705,104,771,177,901,1,182,381
291,966,477,779,68,345,303,697,182,322,6,622,315,745,890,392,235,948,948,258
613,332,838,254,485,53,449,415,415,114,745,92,301,859,233,371,752,834,861,518
583,286,467,120,781,720,432,700,91,97,267,540,795,275,617,543,211,961,565,752
724,819,640,385,649,508,230,642,950,94,239,64,75,601,208,308,123,491,943,638
163,657,898,410,911,138,777,75,646,158,520,29,133,5,856,901,225,635,223,210
581,720,329,394,752,4,12,318,640,565,960,769,298,408,73,596,541,310,872,143
833,204,17,203,116,481,280,799,458,550,150,423,299,307,607,542,698,311,734,726
627,287,911,579,86,816,541,96,5,816,519,186,325,465,6,387,564,514,846,442
605,781,961,807,390,566,861,47,124,686,851,117,877,854,405,268,420,196,830,327
793,698,226,535,161,175,457,909,829,494,932,190,986,70,608,183,347,286,23,950
442,804,52,278,47,368,641,847,660,48,916,816,909,371,176,669,431,17,794,262
321,346,761,842,372,550,711,838,915,427,451,672,272,623,193,26,458,609,245,922
407,78,212,667,42,730,456,964,725,691,801,300,448,514,847,584,580,862,749,636
781,199,806,846,491,891,584,573,894,969,247,57,989,124,503,395,20,60,690,147
428,554,577,91,214,307,351,492,200,845,10,256,651,350,455,315,604,796,777,339
228,57,774,506,34,136,286,365,292,217,333,714,197,965,479,544,876,938,62,6
518,134,187,190,200,687,856,34,279,77,820,485,791,568,68,280,281,689,950,528
75,280,355,999,221,302,106,986,826,140,165,421,680,971,860,393,535,914,265,577
5,857,729,738,704,552,683,17,824,135,275,402,73,118,798,666,239,343,212,286
512,732,189,128,618,390,369,207,982,880,755,469,91,963,816,365,380,74,739,658
413,883,445,715,45,232,922,958,416,301,208,21,235,159,300,281,709,836,105,100
485,101,773,754,92,236,513,404,757,804,962,586,248,289,183,922,759,708,826,497
578,555,698,609,838,620,100,756,334,199,13,414,74,228,533,152,633,188,337,943
386,121,130,268,359,514,690,441,611,887,284,412,871,258,562,355,952,922,346,468
899,912,925,711,119,297,122,104,231,981,135,63,47,829,927,342,550,880,823,927
986,815,655,849,429,973,464,630,774,971,979,242,643,546,4,546,694,667,234,37
285,723,197,552,909,346,441,160,568,587,589,88,710,423,53,23,286,402,688,654
846,948,246,443,963,326,134,464,943,743,181,108,268,112,54,523,77,89,864,586
913,473,483,114,873,226,571,419,768,529,79,442,670,105,877,615,169,818,640,983
443,682,217,555,668,364,909,553,839,561,357,17,593,503,476,632,630,506,168,269
57,628,59,714,2,480,330,519,693,90,967,743,913,608,537,715,296,204,661,96
384,455,863,501,473,27,62,551,669,288,268,3,397,479,465,634,499,137,773,578
557,23,805,599,164,349,111,640,525,83,660,574,430,550,973,494,993,593,367,196
900,86,345,998,190,112,0,144,445,243,771,381,780,301,473,883,715,65,721,321
508,972,135,238,827,667,130,114,852,297,359,75,902,402,913,420,586,316,114,154
260,351,674,467,709,792,55,852,550,611,684,705,653,805,477,572,307,859,344,252
930,429,952,680,237,889,499,233,40,889,626,500,386,439,310,803,733,148,933,557
370,787,251,79,320,540,734,367,172,763,17,133,941,598,344,195,493,503,241,243
310,413,678,933,979,443,497,83,336,196,814,537,841,200,585,753,772,262,32,608
380,120,524,464,445,813,978,488,577,56,72,409,516,10,658,720,280,436,647,83
535,172,789,240,577,614,626,302,184,258,177,363,585,144,370,253,646,987,806,630
858,453,182,588,912,806,561,956,816,354,695,383,901,903,941,989,342,92,465,479
475,43,561,368,648,535,493,663,90,652,240,998,444,685,715,640,333,6,576,158
580,331,589,115,588,610,830,518,553,664,856,582,182,434,511,969,576,741,285,472
41,213,618,213,488,433,137,963,960,994,881,561,591,403,752,984,780,693,535,30
378,617,486,624,312,875,727,278,514,484,121,267,474,22,379,19,160,197,474,650
181,905,120,785,248,699,366,857,937,456,385,1,458,609,844,570,25,469,972,198
88,990,532,152,605,994,847,731,287,346,707,979,438,536,460,847,21,112,541,374
463,831,281,336,494,539,988,825,72,14,28,878,823,876,499,652,75,897,646,880
701,419,854,453,614,340,624,25,926,639,127,871,849,225,295,139,115,61,619,407
751,328,686,360,884,765,573,97,265,187,753,802,692,962,439,793,58,416,227,76
121,594,921,631,841,388,399,479,650,555,868,379,586,343,130,126,969,40,37,463
522,953,396,629,383,170,629,874,422,106,787,870,632,754,423,363,465,545,404,671
426,411,516,900,951,651,442,67,429,549,999,936,224,169,404,794,723,714,622,316
697,694,4,206,31,227,936,169,970,514,529,122,334,272,968,504,95,829,302,771
831,700,337,104,545,616,954,135,385,867,277,891,861,985,452,301,584,651,263,602
180,668,429,180,234,218,631,605,357,352,594,62,914,737,307,626,642,302,743,828
425,81,344,870,236,381,907,387,573,997,548,930,870,738,83,100,450,330,926,24
139,391,272,880,432,896,329,303,132,157,401,150,987,194,889,97,985,176,361,842
305,841,587,992,103,845,11,401,412,59,252,623,357,668,374,22,2,505,408,379
140,740,813,403,756,594,966,52,16,751,196,446,90,209,548,307,673,675,918,346
341,491,255,950,739,455,295,850,364,792,66,386,64,8,60,602,849,210,616,190
539,238,718,781,997,185,902,48,492,566,988,662,389,948,11,277,469,73,617,973
231,563,579,934,431,536,862,280,713,581,837,466,580,586,182,232,919,460,942,708
575,297,613,314,840,316,952,634,300,935,566,693,480,810,160,386,217,221,139,212
371,85,359,553,810,207,438,483,128,897,129,171,696,972,165,205,798,439,417,723
577,349,830,499,96,648,10,841,136,474,536,125,730,138,34,119,737,743,40,572
396,718,566,757,434,981,380,737,162,408,54,512,775,387,775,956,547,941,146,433
83,616,705,194,389,682,495,102,441,3,145,846,535,325,443,490,316,588,793,441
891,744,384,926,608,17,716,153,933,591,336,999,22,632,12,691,445,946,177,20
408,303,119,848,138,663,594,603,622,328,279,91,204,351,225,33,37,186,746,325
80,521,848,496,343,876,992,787,874,711,372,610,869,547,33,985,443,863,495,175
209,32,860,124,916,241,704,829,81,10,606,896,46,748,431,825,141,126,539,951
422,127,103,878,375,653,334,180,516,118,44,399,163,942,801,817,332,663,955,81
705,903,808,17,571,658,817,576,21,990,966,509,390,175,514,980,181,232,900,667
357,977,126,852,99,445,91,256,56,235,502,147,640,616,260,254,736,586,262,841
9,499,695,564,901,744,821,928,605,330,586,796,954,720,181,975,778,347,862,785
296,316,369,75,144,553,869,313,366,223,634,788,414,578,742,970,992,812,137,665
124,725,300,883,966,438,222,329,579,674,432,626,682,886,24,478,704,560,530,458
653,687,810,233,447,983,250,938,93,287,792,527,260,250,152,942,690,335,833,195
872,350,409,894,290,882,455,192,254,936,931,405,49,848,714,293,432,83,994,387
985,318,372,19,508,82,507,901,763,211,190,856,553,130,839,11,660,828,349,593
470,408,93,839,238,612,374,29,443,635,472,377,282,675,407,963,821,118,360,546
903,409,908,674,574,862,984,925,843,773,990,374,35,285,759,403,486,426,723,875
551,680,807,949,212,930,579,381,499,910,816,701,960,840,323,222,697,110,461,274
679,114,894,250,699,77,431,20,965,349,845,949,143,841,612,418,315,222,732,77
788,24,499,267,662,240,828,743,474,353,636,966,834,580,461,749,437,967,753,519
342,222,661,589,769,323,810,238,875,405,670,36,527,613,464,352,282,647,430,234
523,597,35,996,718,531,195,902,631,461,535,758,396,980,31,73,140,394,569,720
23,188,849,707,856,642,971,792,161,903,273,463,879,612,242,759,597,599,74,974
904,90,343,484,450,162,918,831,49,972,805,889,615,162,69,166,524,655,570,776
674,10,755,931,476,198,220,992,282,729,597,815,805,93,302,189,36,638,35,149
267,522,127,326,132,824,527,626,12,304,879,410,587,746,114,138,244,245,716,118
381,220,757,940,298,619,19,937,782,983,59,916,953,844,813,624,823,393,240,384
11,217,888,282,122,525,173,105,658,695,775,660,837,558,851,115,683,443,597,356
496,889,28,153,273,869,544,802,57,890,289,757,484,958,928,265,616,772,895,9
333,684,379,544,688,532,215,502,271,396,663,370,320,261,960,674,277,492,755,404
806,772,393,607,758,101,851,779,189,166,735,551,908,454,373,225,622,25,714,428
946,955,900,522,687,95,471,358,652,154,628,261,691,464,643,917,917,113,555,139
14,41,156,398,565,554,665,965,681,421,486,497,946,399,456,255,843,820,626,97
640,861,692,978,857,946,675,827,684,218,300,849,898,582,521,303,651,557,550,622
402,779,225,596,746,33,364,268,583,499,902,163,300,811,72,17,751,512,323,620
271,108,73,893,580,243,239,732,174,229,766,427,165,406,214,932,668,673,881,871
550,913,88,143,89,184,742,608,101,234,560,617,256,773,490,220,526,665,979,885
570,132,438,378,785,75,896,549,728,50,101,127,221,100,616,438,905,709,333,858
330,257,531,736,623,76,321,326,957,904,733,939,96,982,553,244,734,208,183,205
826,747,639,562,780,403,805,544,95,679,467,294,191,842,653,206,72,318,309,713
530,692,596,305,667,36,263,971,850,105,748,944,461,293,919,514,155,628,433,365
270,239,270,923,502,810,368,175,97,963,786,522,33,152,693,80,385,180,710,790
138,651,147,59,526,487,56,637,610,176,938,389,107,65,274,773,549,988,867,964
658,826,140,824,730,750,621,973,699,263,773,465,541,414,128,412,685,472,165,737
967,161,268,33,113,791,131,537,378,996,70,149,789,376,644,375,180,956,222,984
700,712,505,717,422,868,14,273,958,725,388,456,596,309,414,519,294,353,987,480
994,934,738,142,220,98,686,254,576,438,118,18,867,986,427,287,203,13,817,991
2,152,390,662,158,294,620,122,961,709,133,501,951,753,348,143,15,388,869,754
143,992,452,737,140,798,389,853,942,469,355,651,115,576,397,493,134,537,318,576
283,937,185,497,897,660,270,320,649,924,912,620,796,939,535,585,976,779,70,229
974,845,381,10,675,582,916,426,708,772,154,521,950,679,818,271,882,120,769,912
102,20,491,640,455,529,390,407,241,472,187,156,485,587,569,312,304,558,712,561
620,727,208,853,535,611,699,457,765,448,493,686,171,560,292,955,809,525,533,66
326,365,121,93,928,428,271,704,463,862,446,986,393,926,57,297,986,584,754,350
884,294,919,7,689,726,535,727,410,599,943,484,992,893,40,110,350,535,127,8
633,277,8,815,932,278,476,930,628,931,557,130,425,610,494,565,606,750,666,493
668,40,283,182,536,741,863,93,924,32,237,960,441,202,134,790,492,237,464,342
815,644,333,620,227,426,842,108,331,119,658,14,355,820,250,782,725,450,908,663
243,470,469,726,261,139,488,212,96,546,822,772,68,730,717,77,861,807,757,31
99,960,340,595,59,640,72,210,730,174,917,433,383,502,112,964,770,742,694,820
573,858,435,918,8,417,774,276,524,590,731,556,719,87,106,888,127,979,282,375
621,80,768,283,351,883,826,580,156,644,788,838,523,727,259,874,459,307,38,256
236,750,987,343,521,327,975,63,126,556,813,60,453,415,879,966,570,992,585,574
999,216,484,322,747,225,974,443,42,180,427,350,514,320,565,31,760,250,562,859
902,557,907,177,874,143,813,222,116,501,290,243,782,752,850,997,908,369,588,957
452,678,383,723,903,623,443,209,540,879,276,976,20,870,430,68,546,296,239,635
491,336,43,622,309,383,13,27,64,80,682,941,610,643,689,245,877,239,126,745
984,367,669,511,245,615,381,607,840,446,340,717,811,519,615,692,121,364,73,850
728,306,289,755,141,784,776,397,627,871,727,974,937,166,289,439,187,464,977,349
893,601,717,275,698,931,209,272,998,637,151,468,380,917,570,752,387,358,172,72
698,827,80,148,776,193,454,665,171,93,34,709,367,800,650,136,894,960,756,211
379,100,612,413,29,524,543,440,807,920,96,136,558,653,935,370,983,832,660,84
716,311,650,347,622,564,588,769,671,429,161,692,853,498,2,700,620,267,242,355
855,656,709,741,451,35,124,617,122,582,395,697,138,818,493,192,832,932,601,728
274,211,878,438,572,358,576,701,845,905,973,330,26,310,163,756,665,877,357,827
770,897,680,230,323,545,205,666,105,61,12,594,30,588,864,563,112,879,257,86
549,439,837,14,522,429,152,728,112,631,585,470,41,583,436,497,337,95,12,512
52,788,905,822,974,722,361,449,130,622,887,842,674,875,30,549,321,3,523,660
502,529,582,71,896,939,706,174,994,72,24,161,140,199,501,263,655,349,55,105
353,13,41,222,184,305,505,484,831,807,721,222,17,698,216,598,562,831,592,284
110,681,202,845,275,786,693,795,949,533,351,192,450,462,628,516,382,276,80,119
593,691,167,466,999,630,630,834,465,929,811,124,765,644,167,506,681,715,921,806
827,338,230,388,278,731,118,933,344,117,581,943,353,219,527,864,790,282,198,217
542,435,689,84,760,78,843,190,685,206,14,895,874,830,531,51,447,202,5,231
924,794,926,57,931,119,489,402,847,203,288,902,319,625,603,322,476,853,211,71
258,112,245,835,596,89,356,145,988,964,659,875,994,750,322,34,810,561,985,524
295,789,852,337,285,262,319,570,668,125,76,391,470,766,23,173,793,258,288,597
472,315,294,399,782,471,316,231,108,852,655,288,962,799,428,721,3,846,369,762
369,71,529,598,645,245,269,374,749,760,260,80,598,381,654,32,156,830,804,348
62,312,112,591,182,85,983,43,381,532,646,737,347,639,671,368,303,435,142,938
651,900,428,441,585,458,4,24,530,491,668,351,166,188,949,650,192,541,568,612
429,44,257,400,178,818,705,652,472,727,958,808,341,330,922,751,898,495,559,144
79,428,920,449,501,961,606,604,940,948,524,37,809,328,257,507,418,781,913,298
78,607,331,156,265,644,97,243,888,179,421,215,698,213,661,836,70,631,100,596
451,602,408,648,774,396,483,657,486,172,752,657,406,548,403,171,956,803,947,331
848,492,892,817,793,917,911,448,772,523,952,997,158,237,623,221,650,903,822,440
725,274,739,594,262,885,228,113,459,956,278,461,788,918,522,229,258,169,252,253
885,176,638,718,735,775,388,319,353,289,191,302,964,662,408,723,249,998,232,619
226,646,322,261,43,758,268,800,318,148,956,847,122,322,498,925,194,748,696,263
895,103,57,576,978,782,69,798,164,508,651,855,186,711,795,7,870,806,940,904
927,142,496,938,226,977,597,525,444,476,459,910,114,215,579,294,51,730,421,670
287,184,87,286,935,718,666,141,76,422,61,430,378,710,248,264,891,419,120,647
364,647,619,46,170,191,281,485,210,604,413,571,459,150,61,858,231,919,208,883
22,923,446,776,816,850,244,121,431,168,303,624,172,177,734,868,915,291,609,297
3,145,26,523,305,975,338,371,755,706,559,723,478,197,81,726,7,585,403,236
955,541,872,751,805,415,425,778,906,968,335,640,500,937,237,56,410,703,414,615
480,513,856,771,172,556,211,200,376,987,523,810,228,474,540,887,146,936,313,488
599,343,271,962,349,486,259,582,68,794,569,327,303,189,942,460,53,142,531,330
923,989,769,374,741,909,256,941,362,113,876,82,130,874,9,885,881,717,133,345
441,359,798,909,889,912,804,510,795,975,782,358,369,29,773,111,456,644,304,448
437,64,574,627,142,451,88,343,580,982,361,451,864,831,962,717,510,456,553,49
405,536,450,899,621,881,277,51,734,182,39,548,955,899,794,159,879,679,514,507
223,219,60,299,228,287,696,317,464,638,295,663,63,37,394,380,266,240,796,914
860,576,407,409,936,563,871,181,934,308,46,86,833,976,230,406,839,605,255,896
552,762,371,993,449,252,619,944,823,567,349,174,521,264,468,290,960,858,501,246
824,974,889,542,382,929,485,196,532,153,815,436,886,490,939,974,488,747,577,542
778,7,106,574,270,320,656,116,223,358,532,988,359,650,727,799,269,39,860,637
150,850,436,989,410,477,377,885,368,221,709,978,972,604,822,915,91,773,119,313
433,241,102,391,632,81,6,695,18,7,140,833,436,716,303,558,886,313,785,941
307,983,522,813,846,802,640,73,996,13,473,963,797,997,173,859,104,802,992,854
398,51,682,903,564,600,22,822,600,407,864,303,161,510,383,272,828,231,48,792
637,61,801,429,771,180,635,129,180,883,77,56,0,955,910,965,974,722,301,846
15,922,100,480,652,0,854,359,294,87,592,35,239,336,212,783,176,838,475,386
201,146,32,551,497,736,176,270,253,473,997,834,860,763,285,979,867,664,350,437
58,192,772,638,528,21,657,425,855,872,918,887,287,182,107,821,730,468,28,910
941,322,827,653,530,734,48,693,677,513,152,886,792,846,120,209,103,458,844,251
925,452,342,339,21,303,894,229,342,262,681,68,603,326,723,41,590,12,505,840
859,104,453,967,83,131,838,265,310,333,293,661,42,666,957,775,603,278,542,52
168,54,297,100,16,263,875,563,905,110,310,347,702,995,280,798,1,732,159,749
60,83,72,354,775,842,692,569,276,842,722,668,528,728,992,636,825,610,956,559
214,859,376,762,561,585,613,352,762,658,348,33,422,171,48,299,530,527,606,95
244,156,653,869,136,815,793,966,702,786,186,609,56,618,651,604,994,711,447,867
545,809,86,487,166,489,556,235,519,927,925,264,149,628,26,916,462,881,827,99
774,886,584,809,363,998,490,906,215,685,142,96,279,538,934,74,466,260,154,466
783,843,763,357,852,576,261,520,729,368,947,599,249,691,685,385,412,404,589,333
625,129,22,207,340,120,857,4,403,857,334,666,322,714,938,298,485,957,312,432
205,881,508,217,416,167,418,554,63,797,204,97,754,43,901,324,457,814,155,918
819,69,301,747,952,374,206,514,187,764,170,349,223,633,662,845,291,808,522,821
555,916,198,699,833,331,339,976,629,108,633,262,620,924,799,678,675,872,856,592
481,334,137,921,139,793,671,495,347,159,148,246,286,929,958,239,753,207,71,808
44,586,375,854,627,313,324,557,27,947,406,276,804,723,67,441,761,798,676,585
162,888,723,253,163,812,423,758,214,197,643,980,731,801,774,122,331,82,271,423
331,6,55,98,825,679,283,154,777,510,720,704,918,303,415,665,949,149,831,714
997,479,790,860,37,212,920,848,226,574,192,113,493,554,121,986,813,399,847,92
869,19,844,982,284,528,791,538,753,614,327,249,310,505,748,690,955,101,151,948
591,342,684,199,926,652,773,513,106,337,425,158,619,627,266,208,899,363,675,829
628,170,402,546,686,357,569,156,439,554,256,797,637,431,276,647,453,175,236,233
431,749,412,559,46,877,736,263,407,822,20,641,959,357,664,894,64,681,452,895
690,816,456,800,470,960,238,33,308,585,490,706,967,900,515,593,834,138,150,288
67,475,978,990,887,171,964,916,637,724,942,866,477,49,519,479,612,687,49,864
314,733,114,372,430,700,187,106,615,272,533,722,613,54,867,760,912,531,748,588
303,200,557,766,755,18,479,839,440,139,124,658,911,912,94,802,42,811,808,326
548,769,30,964,558,768,194,886,371,768,179,234,533,530,952,841,786,214,536,55
634,224,996,927,112,206,64,766,329,506,719,371,486,717,578,526,567,275,922,645
0,226,129,791,76,197,109,217,811,341,259,123,708,430,331,433,474,792,988,833
358,542,455,41,219,420,3,463,547,374,104,472,510,148,674,651,402,168,509,141
468,685,91,178,694,31,184,422,687,512,210,345,944,524,333,610,221,90,556,207
864,982,802,570,587,265,404,516,324,681,419,301,314,606,417,509,826,199,275,750
246,645,200,375,848,986,331,100,288,369,43,145,921,78,580,579,689,415,681,107
643,906,651,655,837,708,203,172,945,833,855,845,545,713,680,45,910,917,583,526
962,823,13,308,381,66,769,74,386,538,929,438,714,385,782,814,990,151,388,826
160,510,374,312,143,990,932,655,249,371,768,393,529,579,330,270,325,121,204,109
148,551,876,867,286,586,43,897,424,31,882,598,185,712,195,971,553,737,699,739
457,728,643,890,13,208,451,503,316,247,574,8,148,323,940,358,324,463,201,419
709,701,70,61,722,376,54,950,899,136,900,971,600,426,517,933,889,230,810,173
744,4,873,875,300,338,160,915,504,606,138,139,638,796,115,118,853,696,834,338
367,460,648,51,900,841,880,86,944,63,414,950,550,203,554,938,845,869,882,836
882,824,414,554,169,572,301,777,159,449,563,818,503,607,953,988,133,873,674,340
707,803,654,759,293,366,107,491,769,488,263,10,915,791,80,54,963,617,9,197
878,806,391,970,301,851,652,713,984,859,872,76,657,368,855,258,71,504,228,406
704,262,24,48,656,259,141,527,986,612,843,157,233,764,328,149,197,487,345,183
324,250,299,157,155,315,930,987,272,233,609,13,443,702,880,757,816,552,873,449
741,864,731,303,885,431,510,749,743,926,407,279,424,59,558,620,170,886,506,924
926,282,122,414,576,855,986,260,636,195,314,523,850,507,676,865,571,909,538,280
89,855,220,121,329,817,605,842,325,160,799,416,895,345,138,349,101,478,479,133
38,914,317,82,9,187,820,611,377,210,991,260,198,9,610,384,409,170,667,646
673,386,404,695,277,91,634,473,13,615,166,5,723,46,754,50,68,928,254,473
663,869,45,2,631,408,893,881,432,271,871,137,738,911,781,421,743,849,42,223
603,240,982,132,124,211,749,968,809,609,111,984,220,220,209,548,543,544,558,556
786,714,68,531,725,49,267,438,244,320,878,341,274,620,814,383,346,794,476,168
608,936,799,293,388,743,159,162,194,744,692,487,70,386,231,409,398,293,143,803
810,737,523,491,319,661,977,741,491,564,174,852,203,630,520,950,854,481,930,318
595,771,316,386,40,517,792,204,812,623,858,170,703,73,871,808,600,993,156,328
479,33,703,119,626,188,531,629,60,805,875,969,123,814,947,93,505,357,283,906
259,938,207,149,977,507,915,873,815,620,708,807,490,794,684,696,440,657,459,683
747,378,350,908,33,69,712,875,951,634,246,481,316,80,0,670,565,791,638,555
147,93,667,692,215,61,466,955,425,528,632,321,969,902,20,811,714,21,624,439
976,354,791,251,683,809,552,746,306,854,301,786,404,74,614,84,799,677,435,725
435,901,567,211,858,932,771,437,689,275,93,734,72,636,872,474,419,329,766,163
12,795,462,972,368,182,509,176,723,562,494,603,177,690,660,180,372,494,941,733
828,275,693,290,519,659,853,942,835,236,232,867,147,340,696,329,421,925,547,908
265,585,215,831,562,522,254,346,146,855,607,121,993,429,995,560,293,538,915,997
460,244,530,390,993,436,478,618,968,216,596,313,55,418,254,162,792,288,683,220
155,433,10,137,929,618,770,846,120,395,587,70,420,872,166,702,354,887,483,257
230,774,123,947,546,904,40,836,678,710,685,968,973,259,470,685,666,241,392,642
8,89,658,646,870,20,946,775,409,610,500,99,646,433,401,957,781,437,607,503
98,52,65,257,483,181,627,949,400,189,739,505,808,3,797,539,171,248,377,521
339,947,191,130,892,105,207,203,297,130,954,385,187,923,721,216,911,710,515,445
910,42,480,604,713,222,748,721,538,876,52,923,308,34,101,801,202,534,910,180
438,173,62,787,955,811,405,762,913,351,302,9,216,277,171,731,368,58,4,405
40,495,540,228,842,940,429,0,721,161,982,861,857,248,954,121,417,246,471,889
36,846,19,338,940,533,522,813,476,436,595,194,716,447,354,962,596,501,818,13
723,377,721,344,499,190,208,584,209,630,780,588,131,823,602,95,295,259,975,659
377,196,448,60,254,848,933,687,473,20,319,649,787,879,283,510,582,359,41,634
890,746,307,752,544,100,382,224,54,806,56,625,506,416,641,873,987,193,634,17
404,399,822,782,352,958,362,579,321,597,679,650,844,92,46,382,750,801,722,502
130,842,5,280,149,773,477,899,632,167,213,932,769,898,800,108,50,470,779,690
631,603,794,645,326,867,604,918,107,340,141,231,121,789,986,331,403,445,887,756
942,276,870,94,657,9,564,694,351,954,341,564,382,268,272,25,0,319,983,741
960,667,728,901,958,645,142,568,667,132,983,955,798,906,222,601,275,898,103,902
598,268,551,463,972,122,73,864,893,519,69,513,920,795,712,568,218,4,508,457
877,111,754,188,728,495,745,476,372,111,892,199,312,597,937,417,801,444,494,166
558,469,730,28,41,251,694,819,720,762,0,280,225,461,673,688,44,815,733,14
839,431,527,502,806,948,707,889,301,663,623,872,878,527,502,445,30,945,179,822
117,613,528,556,671,192,346,716,65,477,516,553,482,51,924,656,885,542,359,566
332,553,881,141,26,395,151,399,967,668,261,205,128,849,638,849,253,654,963,661
167,703,750,191,661,797,314,900,198,470,880,613,167,450,252,958,831,698,499,539
302,84,310,218,761,449,74,683,34,714,454,283,810,378,421,754,400,105,863,545
898,0,997,866,4,51,825,44,358,209,131,536,489,81,756,693,338,271,673,245
509,59,556,324,159,336,472,398,183,583,235,735,652,449,346,340,593,407,161,816
82,971,282,827,453,821,467,730,719,285,937,34,883,686,19,1,491,375,916,399
771,230,180,101,973,829,354,202,133,231,212,656,882,665,895,276,545,920,923,963
911,252,0,380,692,421,353,232,1,895,829,738,219,673,648,787,174,518,663,148
564,327,164,572,582,3,844,806,167,699,211,369,150,947,327,815,989,551,778,972
448,221,54,330,259,393,217,996,147,823,217,177,697,719,339,10,827,136,25,975
348,860,628,872,706,67,379,394,616,618,869,4,748,292,270,534,663,269,966,560
953,931,1,793,27,933,738,515,355,22,989,220,819,295,645,682,263,759,787,694
667,814,646,212,702,10,958,662,936,589,37,643,773,32,869,94,777,476,662,994
224,333,406,201,253,999,737,619,268,821,526,644,164,537,203,719,27,43,92,718
909,401,576,262,839,505,70,923,948,864,123,992,16,931,790,168,49,234,668,200
349,147,260,954,208,988,312,711,38,843,394,531,211,477,159,680,391,93,45,767
39,107,157,936,665,332,448,14,402,568,255,265,865,822,377,367,890,195,347,102
571,838,672,272,65,724,508,574,712,447,779,578,604,369,550,527,614,406,798,320
843,22,506,208,773,59,664,168,955,676,87,559,296,117,228,625,551,96,324,389
107,72,263,567,197,456,951,26,179,46,696,502,19,517,462,876,817,695,446,70
951,209,971,482,25,96,32,616,866,141,511,964,290,481,926,619,114,787,632,412
6,198,341,823,287,54,684,714,251,991,637,228,732,317,489,279,119,940,436,704
401,587,186,652,443,970,300,215,598,856,783,448,631,160,98,829,154,23,643,87
390,964,985,173,477,25,726,389,844,573,365,72,725,563,126,260,652,916,724,450
711,128,722,884,828,237,866,308,43,953,730,210,39,970,636,36,89,314,291,697
293,523,38,495,904,215,163,512,119,286,975,259,86,520,483,784,173,762,596,204
255,197,39,87,30,389,424,344,375,861,944,655,599,645,765,468,87,366,373,855
708,310,780,13,878,284,797,152,854,671,543,195,118,732,909,503,339,289,343,28
601,745,984,359,672,764,995,948,882,539,36,315,231,311,447,948,69,984,927,112
281,178,764,342,271,183,832,428,745,11,963,681,297,190,663,238,875,362,481,322
101,835,141,801,707,794,409,59,315,226,222,819,855,163,572,953,199,517,852,435
120,119,12,580,358,827,108,583,700,535,86,278,135,816,621,437,288,378,964,628
257,193,756,422,44,803,750,835,78,147,968,43,377,359,51,491,33,875,600,801
780,421,924,725,968,655,44,377,544,575,164,98,253,97,789,861,222,744,192,617
500,436,620,328,109,174,721,821,900,273,897,813,854,82,74,369,903,771,188,239
641,998,927,204,258,163,611,723,507,375,611,857,608,12,15,443,78,420,973,306
686,496,415,512,160,979,786,49,991,992,480,184,904,273,997,853,129,578,423,847
931,375,624,80,875,955,140,993,527,244,676,153,649,617,586,85,965,100,93,314
825,791,935,651,803,293,949,430,330,616,257,141,505,131,804,767,436,970,422,688
282,457,706,994,949,733,868,266,881,475,763,53,693,133,581,907,598,622,791,59
471,394,846,260,624,318,592,139,238,771,656,11,289,428,705,982,477,532,148,367
355,384,554,318,682,391,157,216,987,318,510,2,306,487,567,427,647,608,329,981
579,440,902,367,353,844,785,994,140,261,789,208,54,114,925,132,353,727,267,500
970,478,360,113,625,854,367,446,25,227,103,155,686,287,118,416,958,913,60,702
763,837,975,185,998,678,919,482,841,89,890,191,442,614,117,198,509,690,725,47
914,425,578,896,591,725,52,459,596,690,264,981,113,909,485,580,396,320,909,682
675,288,134,688,673,526,94,750,370,219,640,368,284,302,453,659,966,309,144,959
43,122,206,376,976,111,889,140,87,693,369,50,330,62,109,914,285,171,444,303
164,786,388,353,417,478,306,452,935,402,193,890,209,145,387,444,624,203,682,575
645,547,288,52,256,666,796,80,871,124,321,340,684,11,63,61,699,934,207,845
739,722,857,948,330,879,768,206,737,399,498,238,745,910,866,432,531,671,751,954
533,735,160,396,346,918,938,589,886,579,283,255,278,555,747,617,460,735,763,470
28,366,153,907,548,843,612,675,309,418,309,679,374,883,834,923,38,508,321,523
68,305,559,530,392,466,29,682,549,425,408,426,139,975,368,219,520,144,97,558
261,353,302,916,480,989,51,242,825,423,998,479,276,595,32,242,765,682,836,917
777,954,96,379,568,953,132,469,230,34,728,785,344,24,970,240,757,568,934,626
329,582,424,401,194,570,850,765,857,782,539,858,2,176,601,709,572,341,854,410
596,34,936,932,373,213,153,431,423,932,803,384,945,72,108,457,415,636,524,860
306,853,481,678,153,401,649,199,657,641,965,134,709,41,86,353,98,572,829,181
31,307,183,150,674,88,698,722,799,733,420,876,349,366,597,314,224,390,549,462
26,710,885,719,201,43,848,706,528,798,169,907,890,141,908,792,838,56,772,54
847,839,89,871,274,873,549,384,872,893,74,406,410,979,418,133,819,428,484,614
106,374,800,514,860,632,433,241,786,343,949,193,179,126,316,153,659,666,409,629
35,251,914,654,777,343,28,53,879,36,225,670,975,755,592,924,907,219,651,492
453,705,243,31,612,465,326,325,956,329,71,530,111,913,41,532,658,425,284,813
199,344,78,829,188,351,101,744,880,4,809,77,526,770,735,816,394,78,138,856
687,21,14,702,727,543,583,9,928,42,332,322,511,951,893,771,184,253,216,391
529,711,916,42,85,382,15,627,617,527,88,23,403,657,37,867,283,822,467,580
412,618,117,364,276,748,293,383,82,53,508,593,700,812,147,129,731,283,191,533
933,610,113,734,593,512,41,421,26,670,370,568,184,335,750,428,815,553,440,755
517,895,421,727,532,23,90,351,696,283,976,862,168,147,8,747,634,904,670,169
414,225,279,679,418,583,973,995,607,863,38,213,664,624,697,733,292,851,261,46
959,284,476,108,733,887,961,980,233,662,360,331,5,577,205,29,227,658,707,929
13,532,33,198,438,280,341,623,243,680,126,417,777,435,293,215,707,843,102,68
17,782,944,465,17,282,291,390,275,313,886,397,174,920,168,415,260,51,517,579
253,477,562,615,563,289,836,150,802,214,352,746,401,892,99,521,892,540,782,41
149,739,500,668,890,980,177,445,153,260,832,884,584,460,486,823,726,182,931,699
366,798,614,481,868,762,899,248,858,497,386,143,933,960,342,405,717,33,678,977
947,396,233,586,815,677,42,555,966,5,744,169,439,780,150,135,47,479,898,250
63,490,2,475,772,558,970,565,912,728,889,202,379,84,672,373,522,447,472,244
419,707,832,533,183,921,349,170,642,980,751,38,835,488,767,134,145,502,631,48
217,406,797,176,539,506,790,907,6,608,608,597,983,71,854,699,374,684,203,2
844,237,869,69,206,6,846,539,930,518,27,382,884,551,555,231,950,740,53,373
318,301,635,666,570,849,325,84,338,759,534,90,803,705,226,140,424,547,270,353
154,131,534,209,511,574,873,615,247,398,358,903,32,108,703,188,591,424,584,354
218,451,668,838,325,40,636,826,739,324,924,268,589,890,362,524,19,337,760,371
400,389,600,146,465,196,567,87,218,814,468,685,669,398,573,776,767,81,954,187
466,778,511,224,720,65,481,908,208,775,428,526,746,615,388,722,326,659,812,933
478,537,671,910,990,770,311,345,485,598,271,835,446,207,677,860,638,520,366,146
368,562,42,161,402,878,789,878,797,830,726,378,360,647,961,249,66,632,636,988
10,674,304,65,980,379,335,255,535,809,833,140,385,953,92,410,922,220,111,120
212,566,488,471,67,781,128,468,566,790,373,474,581,850,194,318,913,430,424,944
424,891,109,5,93,684,243,388,683,441,195,87,605,767,863,689,732,612,43,377
125,797,697,428,333,28,98,124,255,594,554,909,706,201,528,379,852,496,489,679
562,484,850,879,510,257,534,179,299,696,137,869,180,331,823,577,887,32,684,990
350,28,495,517,174,276,545,747,917,355,298,19,97,232,746,562,850,249,797,426
94,256,298,32,444,107,591,201,722,327,308,832,547,270,347,381,822,205,299,736
932,376,275,700,57,142,287,660,672,657,337,380,252,993,386,148,196,421,482,398
359,539,504,939,714,483,428,267,788,65,411,629,66,315,329,991,671,769,84,923
745,621,601,525,362,866,47,98,169,302,132,951,356,280,701,797,175,451,677,603
175,245,115,671,391,249,439,165,33,137,122,724,727,760,545,612,92,997,713,748
375,877,75,915,600,244,760,547,269,495,7,388,7,543,7,535,978,98,845,481
278,812,40,335,97,589,502,2,969,694,450,733,447,96,764,64,729,356,326,383
965,442,521,529,474,467,229,393,581,643,624,346,76,234,776,743,317,749,416,490
158,822,866,602,91,626,633,37,999,442,112,135,173,634,187,273,59,274,579,302
791,833,817,510,495,304,764,920,277,92,935,94,433,283,544,424,12,600,892,746
666,243,767,527,745,831,747,277,873,882,231,748,825,544,583,344,727,411,276,778
361,195,744,144,251,740,20,306,280,870,996,543,388,556,319,67,163,852,77,866
116,227,242,20,398,779,625,984,890,45,404,885,60,193,599,590,438,251,145,727
524,534,775,995,893,176,110,88,980,869,434,863,832,348,739,533,162,192,455,621
300,892,9,234,367,757,925,707,601,831,865,601,677,420,975,796,212,594,614,701
250,248,966,54,318,942,378,247,192,928,791,306,565,180,749,351,289,19,199,731
440,9,83,590,146,908,197,444,61,834,551,179,761,281,733,899,884,11,747,126
660,16,348,89,364,290,701,184,767,254,711,572,200,669,523,462,939,942,745,589
664,887,464,6,899,789,668,890,11,737,444,51,335,603,204,741,265,571,813,224
830,844,312,170,766,602,60,493,245,479,522,962,781,374,744,359,713,634,278,865
113,175,995,281,615,557,450,894,221,801,737,52,497,263,491,323,508,211,879,395
818,273,437,687,303,285,36,708,259,245,89,973,726,485,637,724,10,890,69,495
65,339,58,356,395,695,95,974,121,832,740,457,681,153,480,954,724,279,510,467
879,524,133,154,513,99,99,128,296,280,910,630,690,346,647,742,229,952,857,700
916,805,623,788,6,993,638,115,152,977,35,473,247,715,810,434,356,856,586,255
85,323,992,37,487,534,874,289,404,534,41,129,711,306,25,187,178,595,969,853
118,767,285,370,467,753,979,540,138,326,565,263,336,792,410,571,267,580,274,10
661,589,460,764,167,900,681,921,819,937,577,447,531,206,320,911,61,889,571,174
894,106,69,397,216,739,834,391,14,632,697,908,757,978,314,361,152,755,115,344
616,259,591,39,404,319,950,804,260,230,429,983,839,380,783,500,243,423,314,811
497,765,818,50,95,987,80,416,604,767,496,550,571,183,341,155,676,34,458,4
918,672,552,675,55,146,628,334,501,29,635,418,210,63,629,862,566,209,644,436
423,943,602,608,314,772,113,1,618,457,540,579,815,868,665,18,215,611,730,152
615,584,893,797,654,296,642,454,438,331,495,728,363,53,944,169,177,174,375,610
638,117,354,532,175,373,148,489,346,403,599,83,715,365,805,6,472,131,611,216
597,695,877,912,53,341,201,218,545,70,992,859,701,797,419,643,262,281,633,817
988,898,105,77,176,127,494,68,613,576,614,273,518,999,284,698,581,616,700,191
266,407,972,825,405,155,963,926,771,756,391,689,784,684,356,870,41,874,258,783
866,976,144,928,598,452,183,30,22,417,313,755,317,884,412,48,968,266,980,21
503,658,478,748,737,121,202,447,212,190,600,546,957,704,49,489,656,466,82,484
712,577,745,195,854,698,987,356,758,557,306,355,532,739,321,588,278,878,153,425
151,481,725,469,334,647,174,738,62,666,182,116,621,440,474,181,301,263,998,494
873,1,599,58,134,592,393,433,920,430,621,282,579,372,929,170,451,27,771,835
87,742,707,276,292,893,473,354,830,692,3,492,222,599,71,855,148,524,269,530
624,388,401,906,479,631,359,435,23,787,269,783,542,771,93,707,116,167,437,834
142,526,291,478,573,301,518,816,695,921,874,638,905,553,536,480,941,324,176,94
886,957,973,74,603,292,475,742,759,617,528,759,938,361,45,286,749,575,117,775
436,380,131,24,12,544,778,763,523,496,987,591,362,271,841,212,764,982,697,53
998,941,90,892,199,13,327,486,867,584,888,732,92,40,100,447,763,839,999,587
567,702,977,583,584,200,373,197,803,131,47,606,592,89,262,732,653,499,737,849
131,191,525,493,983,761,658,72,293,800,776,201,822,988,155,246,271,233,224,32
921,634,110,610,102,55,200,999,451,387,854,126,739,389,786,302,561,533,118,311
710,236,627,255,891,377,196,161,480,802,688,189,206,116,737,160,54,38,450,455
543,70,989,560,705,46,906,251,877,267,795,499,916,161,657,364,6,206,368,370
153,925,536,744,750,30,515,887,452,526,90,325,305,927,299,513,700,729,431,802
248,832,332,271,23,58,85,954,99,33,957,25,636,759,687,4,811,700,503,861
286,368,273,840,137,457,340,517,770,115,345,314,371,969,287,564,621,896,287,382
48,208,630,703,795,656,689,361,281,984,704,684,12,453,122,705,768,930,364,513
227,764,809,53,847,15,161,911,246,373,544,0,94,291,84,892,812,885,351,514
104,233,76,126,583,801,480,772,327,847,650,59,201,424,887,789,35,355,205,722
541,489,550,770,313,853,180,252,291,151,571,756,243,231,507,63,873,53,512,194
852,688,178,516,393,133,864,726,864,88,913,839,463,687,200,648,463,754,928,570
600,169,21,225,786,752,808,40,548,749,698,595,949,134,518,407,684,223,740,23
966,441,569,310,442,248,46,862,868,281,491,196,154,672,105,78,542,865,497,934
34,347,67,266,910,161,166,736,927,841,852,197,927,198,446,92,784,315,128,177
619,596,444,973,710,639,352,735,397,376,188,360,313,319,177,99,310,50,401,715
432,927,98,685,606,899,305,62,384,377,156,206,517,267,843,193,548,224,843,925
978,140,778,924,331,361,242,981,962,62,894,27,728,425,741,459,794,629,528,730
746,639,290,507,947,74,310,982,66,909,396,635,466,722,829,102,735,835,348,921
241,137,138,140,609,622,383,123,195,986,159,235,764,545,286,704,478,963,627,172
292,58,708,784,950,45,171,349,885,57,509,217,193,729,488,422,237,804,181,444
592,754,950,421,989,117,697,868,388,648,149,434,181,790,426,977,110,870,858,999
417,393,362,68,433,446,580,924,833,536,802,774,771,680,340,2,126,166,989,581
816,231,853,477,111,847,355,946,361,698,800,109,590,967,760,728,740,325,731,179
915,304,256,498,765,62,870,117,922,81,842,525,758,940,210,837,788,713,104,814
165,615,389,777,504,311,669,257,707,896,986,883,896,52,678,201,883,405,727,993
141,572,676,630,344,490,855,703,679,40,115,506,772,452,282,739,640,910,397,613
128,633,139,334,553,916,482,411,582,1,827,946,106,334,710,703,144,766,286,454
254,568,249,246,250,258,216,333,303,558,555,659,863,240,311,414,306,784,891,221
714,229,549,820,660,965,511,219,433,978,819,503,127,101,959,450,423,670,456,131
477,53,219,960,71,763,59,789,661,672,981,344,887,751,635,112,213,457,14,710
821,206,622,457,651,706,129,534,790,673,94,173,513,786,495,529,988,516,478,761
650,528,262,158,855,938,559,339,484,372,506,718,62,401,420,893,344,15,425,970
553,94,803,70,924,680,125,363,785,142,513,498,156,468,870,487,341,607,838,655
29,696,3,332,338,521,504,689,510,419,160,729,487,835,809,146,495,844,382,926
626,952,923,227,177,669,426,767,828,650,423,420,868,178,632,738,639,827,720,758
510,729,367,27,898,547,927,293,135,919,366,272,324,925,481,184,470,243,214,527
239,46,223,292,599,593,396,751,810,173,831,317,307,388,788,781,83,905,770,162
498,567,146,107,457,825,901,748,902,384,230,247,766,676,688,866,378,661,122,724
756,591,691,352,371,504,523,631,240,933,139,567,889,534,622,575,927,548,335,624
753,38,823,486,257,607,886,328,262,68,734,107,552,375,874,469,936,498,896,779
458,26,443,956,121,156,299,336,624,43,331,926,859,694,251,49,261,855,94,155
516,780,675,706,117,469,17,586,304,171,572,244,240,843,27,804,568,389,537,567
467,605,315,761,125,468,955,912,496,314,552,494,288,695,691,14,360,46,888,453
191,317,901,44,187,126,943,828,775,645,292,258,264,244,577,649,206,488,247,550
588,874,181,789,107,269,673,535,20,735,438,488,770,973,840,809,16,352,98,971
427,704,357,384,988,890,147,45,560,380,824,48,561,90,898,934,532,152,811,632
207,561,149,341,482,685,447,458,792,133,344,30,606,506,858,9,865,746,961,782
187,356,983,905,366,559,245,186,86,661,134,747,713,296,448,408,189,574,383,900
297,266,617,383,534,300,784,870,908,973,85,148,475,856,868,701,628,94,438,791
256,904,128,269,907,591,275,342,173,74,649,682,712,882,951,599,74,895,320,351
659,945,821,672,711,255,93,935,954,960,580,585,343,726,994,835,797,306,936,164
482,369,753,677,98,643,347,522,495,619,377,404,261,629,441,402,741,833,658,249
269,326,792,244,906,144,103,64,682,600,567,829,903,838,197,114,82,345,628,26
277,882,819,415,347,32,307,851,92,350,590,441,417,427,510,175,490,156,729,430
912,11,280,186,145,118,397,506,320,75,346,688,666,981,229,583,365,261,526,287
462,497,742,412,289,152,30,392,74,967,1,257,742,529,361,327,702,775,525,283
447,578,352,573,569,520,7,439,939,220,379,304,364,862,56,607,186,780,268,793
91,980,278,151,820,906,31,606,892,570,922,41,426,304,184,943,124,986,353,852
614,501,439,200,459,742,537,931,780,603,220,920,132,251,766,448,73,252,906,753
647,14,449,713,222,769,587,531,932,944,262,927,568,269,438,285,364,483,384,22
327,337,48,333,267,97,566,275,319,85,8,817,556,718,238,949,425,907,784,537
919,358,430,593,915,330,831,103,30,360,241,750,659,276,849,838,48,968,623,132
111,49,227,536,14,864,719,5,556,207,760,440,202,208,981,278,513,633,546,590
409,987,933,987,7,268,253,56,15,411,691,209,101,23,149,668,686,550,825,78
635,546,509,611,54,956,903,54,50,432,687,865,416,904,154,128,534,154,691,799
206,115,502,291,332,910,459,833,978,524,469,352,381,511,425,863,869,825,774,267
835,828,568,226,635,503,223,883,793,815,62,336,999,210,568,706,937,565,266,609
416,254,399,859,341,689,114,36,593,170,119,914,250,30,576,217,274,601,415,145
834,189,535,739,211,16,233,386,602,17,381,812,481,915,140,745,85,770,807,182
764,355,515,945,677,277,474,410,856,246,951,504,472,992,297,541,135,581,237,82
356,608,152,697,180,214,284,311,408,82,299,67,952,265,976,683,299,892,451,664
845,194,760,340,628,484,536,474,454,955,229,958,543,649,89,330,748,290,884,681
692,641,222,11,823,837,755,620,869,824,68,698,736,383,484,310,693,257,752,830
742,471,94,29,809,635,799,414,391,426,347,24,956,658,234,768,31,793,912,691
137,808,580,855,157,72,822,953,589,505,323,583,153,866,141,464,674,31,200,868
325,717,786,369,288,498,577,781,55,660,286,366,843,994,104,611,201,401,518,965
97,689,313,966,991,93,294,89,418,278,338,181,454,168,111,631,880,8,735,831
982,662,107,664,348,479,677,12,736,434,747,395,469,664,702,8,916,160,582,461
851,713,265,566,918,925,158,406,717,116,644,590,512,484,432,921,837,660,109,641
594,624,326,952,965,913,762,341,478,55,392,343,977,236,504,275,841,604,322,506
644,438,494,565,701,638,416,622,506,544,984,977,136,451,811,241,544,79,83,264
657,136,679,408,629,14,972,610,979,185,422,605,40,239,512,961,626,891,945,359
135,25,845,955,865,437,235,698,374,745,146,111,928,655,833,687,273,965,189,464
521,629,173,606,252,833,905,405,235,902,214,326,218,509,482,926,829,344,1,171
320,731,124,277,681,898,759,159,572,675,272,329,178,491,713,336,88,996,485,140
934,738,918,26,471,982,872,15,94,357,777,552,721,86,993,537,251,173,702,768
757,96,92,632,39,209,212,866,909,212,781,881,856,974,716,228,957,226,246,45
410,392,712,983,56,588,344,669,694,900,478,905,995,781,933,40,696,884,149,451
731,56,593,563,120,808,941,754,457,548,873,627,36,660,918,629,804,894,946,272
171,110,662,841,555,856,67,760,740,853,616,929,488,99,792,60,351,694,821,505
766,295,783,803,922,177,105,372,645,58,114,787,456,254,5,319,536,64,317,29
937,91,673,433,616,872,420,717,584,134,921,712,662,600,988,142,682,592,669,176
311,560,748,721,198,474,117,587,591,143,617,396,802,243,17,20,245,799,513,135
622,969,244,265,446,596,411,673,201,305,859,226,821,229,596,897,397,497,371,312
800,36,81,943,849,915,181,680,975,256,885,12,734,777,815,88,90,386,618,703
24,758,943,911,525,790,394,823,155,586,489,665,110,602,345,316,585,29,163,815
439,519,884,316,547,924,408,236,401,930,487,956,1,394,158,772,575,933,728,966
235,402,346,802,764,579,931,65,340,846,461,633,612,525,793,769,739,298,229,996
784,163,625,794,36,751,800,577,817,633,742,20,372,693,763,600,200,624,814,1
785,598,719,763,888,365,654,171,887,390,955,464,88,930,564,681,996,143,593,891
537,102,795,746,411,936,23,420,435,911,995,449,557,559,936,812,343,697,96,568
776,540,284,392,503,696,892,321,929,241,507,830,851,570,253,39,701,124,635,88
86,550,736,437,1,42,86,46,977,719,120,736,899,186,434,556,500,461,919,939
249,45,142,365,902,380,679,69,483,392,667,677,676,528,606,391,371,751,603,551
602,379,585,974,230,400,77,465,863,325,928,646,786,339,240,587,168,641,649,136
969,162,526,66,106,964,231,734,354,339,296,489,352,637,729,282,132,785,426,705
804,153,392,62,414,629,290,562,546,162,714,407,816,943,547,976,507,114,764,765
394,967,413,351,969,783,608,412,360,348,342,934,647,708,189,810,210,317,893,825
450,721,356,171,500,135,517,10,878,51,762,901,947,833,530,377,601,150,311,300
576,447,240,455,461,425,371,379,551,789,853,573,263,132,390,673,758,135,396,832
4,973,710,8,697,573,198,530,134,974,746,965,495,496,265,305,108,847,974,693
732,879,842,196,173,189,942,338,989,985,850,292,699,35,317,843,254,510,332,393
789,981,544,450,244,823,928,840,555,458,376,569,724,489,296,591,587,882,573,347
748,500,20,740,235,839,775,284,837,52,497,73,931,952,90,662,980,868,883,888
983,630,629,252,394,920,519,166,8,277,97,515,241,256,753,397,762,376,717,483
16,724,104,812,205,580,998,240,751,183,911,911,476,77,728,603,824,841,877,265
794,830,897,767,213,435,824,863,46,2,82,882,930,998,458,105,498,16,708,319
469,512,815,587,762,568,957,785,229,145,712,751,338,817,803,889,579,958,449,438
792,232,687,584,749,675,781,810,489,467,612,471,910,227,190,686,947,529,132,676
841,285,788,686,272,767,945,183,242,310,445,542,65,31,378,332,563,342,16,459
589,944,608,730,647,473,35,226,625,18,221,853,618,238,144,633,348,103,36,401
604,932,909,78,921,625,819,505,41,292,778,991,331,412,777,470,302,486,164,282
762,807,314,775,171,309,729,529,557,404,172,312,246,575,136,839,496,837,412,569
192,95,461,534,716,609,783,843,565,279,906,342,455,845,694,672,637,573,88,913
430,385,423,366,196,1,732,178,953,156,243,200,21,827,198,919,93,620,387,242
975,450,31,34,801,499,887,413,479,629,846,775,507,837,619,144,80,643,99,230
465,949,939,295,923,273,743,279,286,998,764,800,255,531,966,574,654,417,981,905
455,414,539,656,712,239,501,892,597,122,538,826,929,384,556,830,738,972,718,969
336,292,660,856,336,432,232,773,312,150,183,791,464,19,825,226,136,662,389,627
383,669,930,861,939,224,994,90,217,342,390,511,971,678,894,37,446,377,352,408
718,247,468,953,18,575,900,786,662,435,483,880,661,370,630,641,28,256,473,696
166,149,336,858,435,760,298,761,188,385,840,766,768,590,932,765,783,284,354,543
721,486,238,219,87,800,647,94,973,146,706,727,10,919,199,300,921,576,487,531
123,325,224,381,641,902,568,524,783,755,883,15,365,950,848,566,223,87,15,563
527,271,575,897,437,541,248,126,705,716,627,762,465,211,730,465,718,322,560,63
196,719,353,404,740,416,292,509,141,453,431,604,50,619,1,251,214,724,400,201
505,611,974,424,3,354,840,661,398,713,144,621,58,151,133,158,904,795,602,774
144,661,64,411,796,324,458,436,449,517,895,42,333,839,761,334,964,412,520,711
536,463,16,183,317,749,273,922,638,123,11,533,267,66,201,461,925,562,66,595
449,592,553,882,613,976,76,645,359,569,598,904,99,642,532,320,328,788,953,535
193,330,641,476,58,546,186,720,487,878,4,250,217,221,987,622,802,454,706,911
822,181,632,981,233,204,172,13,508,689,265,26,679,179,39,987,672,943,178,716
875,558,839,937,463,87,524,295,742,365,95,779,53,367,454,499,318,676,839,907
655,811,726,518,830,830,993,625,261,228,5,584,189,395,837,675,369,383,135,496
646,928,917,582,933,704,65,599,821,796,442,721,214,584,972,337,538,432,591,157
421,942,683,765,357,601,763,61,502,732,173,749,183,196,324,35,60,980,147,150
334,792,947,110,961,861,260,417,363,740,215,61,778,683,241,154,897,549,457,920
289,921,71,895,50,375,723,230,181,394,9,219,594,921,298,616,392,902,315,268
208,139,541,837,894,350,678,628,256,705,402,281,52,20,566,70,236,554,621,332
623,961,162,362,61,840,985,638,137,951,622,365,398,14,218,16,629,122,27,744
649,340,610,287,819,463,302,753,481,338,584,128,498,957,508,940,109,728,140,541
132,872,247,3,472,963,343,481,921,103,23,868,104,113,221,891,795,918,853,50
50,398,520,733,835,952,410,451,587,344,576,607,578,896,604,635,518,848,95,522
702,813,386,419,551,115,317,309,102,379,648,337,326,749,97,53,481,336,466,881
832,87,485,109,981,298,357,475,348,596,666,411,391,681,437,106,661,22,110,583
908,885,716,821,260,253,558,95,131,66,91,31,563,127,539,540,574,649,300,594
729,74,732,306,310,604,506,297,520,683,702,877,176,934,70,376,594,813,169,36
245,348,11,349,225,732,337,462,143,128,307,138,737,16,707,994,607,294,613,843
399,968,626,818,192,26,199,296,345,112,356,95,873,56,337,852,312,726,792,199
373,863,395,313,669,796,731,725,925,784,382,458,400,968,900,46,933,637,502,292
59,18,960,543,315,865,422,427,266,783,378,182,932,741,807,388,896,36,72,807
216,154,108,548,396,581,980,641,513,700,312,848,462,832,475,573,153,511,218,809
418,223,293,519,297,60,210,593,206,753,242,40,108,922,273,734,611,756,715,489
232,741,546,155,496,166,888,149,635,54,699,804,413,332,129,605,413,978,671,285
494,2,645,941,953,472,860,337,32,659,26,284,783,226,291,708,803,88,468,334
977,614,466,446,864,410,929,225,990,677,810,212,266,478,191,151,434,292,799,673
726,180,959,256,517,103,39,508,897,723,465,106,824,725,180,613,557,328,448,600
671,595,882,504,210,950,590,699,248,49,884,719,61,990,381,554,428,699,306,392
526,802,858,643,985,22,440,797,144,958,653,897,205,300,652,394,878,995,124,329
251,655,512,509,859,754,779,32,654,99,939,55,762,991,914,826,902,159,639,385
363,283,214,710,339,399,61,989,48,382,514,132,340,170,534,973,179,606,460,299
100,458,752,221,797,676,550,891,614,826,515,961,292,212,718,339,228,140,463,810
688,620,991,513,207,230,63,656,709,224,710,225,753,373,600,378,102,396,762,794
46,73,784,557,165,492,309,790,290,543,978,703,704,733,402,530,406,462,342,289
995,999,118,663,458,859,276,710,323,462,436,953,14,139,385,944,5,705,162,208
703,959,432,327,845,788,807,561,467,939,107,245,269,515,659,909,34,821,50,279
823,590,979,658,602,919,617,429,704,803,29,776,602,329,396,284,645,507,295,684
27,609,184,22,790,270,37,274,228,950,836,631,144,64,692,454,602,543,590,79
945,99,236,169,335,387,827,239,270,684,354,676,607,744,646,778,86,760,59,209
587,979,303,86,468,714,555,307,395,363,919,782,496,787,591,996,56,303,995,103
670,278,136,605,986,795,491,364,151,268,32,319,729,475,392,628,219,776,418,42
483,246,196,298,279,671,546,659,727,307,690,516,432,358,371,586,264,86,47,427
304,98,663,745,690,637,71,528,691,578,568,795,8,661,422,425,533,686,407,876
805,482,861,670,556,755,75,688,594,642,641,180,566,185,538,878,984,490,625,651
888,946,922,174,794,442,720,487,619,923,224,297,678,44,824,69,610,71,904,69
372,790,193,138,202,914,801,860,541,761,48,477,981,721,227,98,863,413,279,517
200,174,762,300,818,7,214,598,274,37,620,707,671,472,526,791,771,871,932,591
672,593,79,568,84,308,725,324,339,155,228,266,525,788,313,256,511,864,741,780
883,986,474,729,658,37,575,82,399,835,642,454,663,877,358,758,334,455,929,411
905,324,891,264,538,114,84,602,997,265,403,455,254,779,892,261,8,102,750,573
896,896,915,288,670,621,542,752,175,335,578,647,813,7,14,125,366,854,655,380
238,205,405,561,64,325,982,856,798,306,326,652,936,288,338,333,166,14,820,653
752,493,410,242,637,776,127,832,461,702,117,104,244,18,16,345,158,701,685,129
629,599,53,439,464,501,350,500,820,175,972,54,630,135,312,190,352,570,209,742
37,773,166,241,811,807,833,880,322,450,435,761,80,659,876,435,165,107,765,878
351,708,681,790,753,860,402,173,205,290,713,702,760,410,640,30,435,187,225,369
554,390,418,549,428,617,891,400,500,613,393,671,234,907,921,207,433,790,3,142
797,158,514,468,82,128,715,975,44,989,51,715,428,652,704,805,806,49,331,341
876,917,970,258,881,799,944,771,380,838,631,514,906,916,706,109,455,438,173,193
403,796,720,323,456,92,528,523,349,868,380,69,522,512,948,623,407,975,462,394
837,253,277,786,266,735,257,501,3,595,934,496,567,504,47,59,377,861,386,91
935,677,192,220,826,124,102,362,284,601,736,176,437,742,725,952,592,37,645,422
54,357,175,569,895,673,82,681,834,515,705,443,519,964,264,13,874,923,738,418
345,395,699,526,527,125,81,591,910,460,488,739,524,574,258,936,618,484,428,978
